id,name,price,image,description,type,category,skin_types,personal_colors,number
1,헤라 블랙 쿠션(17N1),64000,20oily_base_hera-black-cushion.jpg,세미매트 피니쉬의 정석. 얇지만 강력한 커버력과 밀착력으로 무너짐 없이 깔끔한 피부를 유지해 줍니다.,쿠션,베이스,지성,,20
2,라네즈 네오 쿠션 매트 (17C1),30000,20oily_base_laneige-neo-cushion-matte.jpg,땀과 피지에 강한 스웻프루프 기능으로 여름철이나 활동량이 많은 날에도 처음 화장 그대로 유지해 줍니다.,쿠션,베이스,지성,,20
3,어뮤즈 듀 파워 비건 쿠션 (0.5 페어),36000,20oily_base_amuse-dew-power-vegan-cushion.jpg,속은 촉촉하지만 겉은 보송하게 마무리되어 속당김 없는 매트 표현을 하는 수부지 피부에도 적합합니다.,쿠션,베이스,지성,,20
4,정샘물 스킨 누더 커버레이어 쿠션 (19페어라이트),45000,20oily_base_jsm-skin-nuder-cover-layer-cushion.jpg,높은 커버력에도 뭉침 없이 얇게 레이어링 되며 촉촉한 에센스 블렌딩 파우더가 속건조 없이 편안한 세미 매트 피니쉬를 선사해줍니다.,쿠션,베이스,지성,,20
5,클리오 킬커버 스킨 픽서 쿠션 (19N포슬린),36000,20oily_base_clio-killcover-skin-fixer-cushion.jpg,모공 블러 효과로 얇고 가볍지만 확실한 결 커버가 되는 매트 쿠션,쿠션,베이스,지성,,20
6,VDL 커버 스테인 퍼펙팅 파운데이션 (A01 V01),32000,20oily_base_vdl-cover-stain-perfecting-foundation.jpg,에어리 포뮬러가 피부에 가볍게 밀착되어 답답함 없이 결점 없는 매끈한 피부를 완성해 줍니다.,파운데이션,베이스,지성,,20
7,에스티 로더 더블웨어 파운데이션 (1N0포슬린  1N1 아이보리 누드),91000,20oily_base_estee-lauder-double-wear-foundation.jpg,지성 파운데이션의 대명사. 24시간 지속되는 강력한 커버력과 세팅력으로 유분에도 무너지지 않습니다.,파운데이션,베이스,지성,,20
8,바닐라코 커버리셔스 파워 핏 파운데이션 (19라이트 21 아이보리),34000,20oily_base_banilaco-covericious-power-fit-foundation.jpg,강력한 커버력으로 모공과 요철을 촘촘하게 메워주며 파우더리한 마무리감을 선사합니다.,파운데이션,베이스,지성,,20
9,헤라 실키 스테이 24H 롱웨어 파운데이션 (19N1),70000,20oily_base_hera-silky-stay-24h-longwear-foundation.jpg,실크처럼 부드럽게 발리면서 보송하게 마무리되어 래 내 피부처럼 편안하고 고급스러운 피부를 연출합니다.,파운데이션,베이스,지성,,20
10,웨이크메이크 워터 벨벳 커버 파운데이션 (19호 포슬린),38000,20oily_base_wakemake-water-velvet-cover-foundation.jpg,바를 땐 촉촉하지만 마무리감은 벨벳처럼 보송하여 속건조를 느끼는 지성 피부에게 추천합니다.,파운데이션,베이스,지성,,20
11,정샘물 에센셜 스킨 누더 쿠션 (핑크라이트 엔라이트),45000,20dry_base_jsm-essential-skin-nuder-cushion.jpg,촉촉한 에센스 성분으로 본연의 피부 결을 살려주며 자연스럽고 건강한 윤광 피부를 연출해 줍니다.,쿠션,베이스,건성,,20
12,파넬 시카마누 세럼쿠션 (21호),32000,20dry_base_fanel-cicamano-serum-cushion.jpg,진정 성분이 함유된 세럼 제형으로 스킨케어 기능까지 더해 민감한 건성 피부에 영양감 있는 윤기를 부여합니다.,쿠션,베이스,건성,,20
13,에스쁘아 비글로우 볼륨 쿠션 (20호 바닐라),40000,20dry_base_espoir-be-glow-volume-cushion.jpg,속부터 차오르는 하이퍼 볼륨 광채와 플럼핑 효과로 피부를 매끈하고 촉촉하게 채워주는 수분 광채 글로우 쿠션,쿠션,베이스,건성,,20
14,클리오 킬커버 메쉬 글로우 에센셜 쿠션 (19C라이트 19N포슬린),36000,20dry_base_clio-killcover-mesh-glow-essential-cushion.jpg,핑크빛 생기광이 메쉬망을 통해 고르게 묻어나와 얇고 매끈하게 발리면서도 오래 지속되는 수분광과 화사한 커버력을 선사하는 글로우 쿠션,쿠션,베이스,건성,,20
15,퓌 쿠션 글래스 오리지널 (1.0 페어 글래스),26000,20dry_base_pui-cushion-glass-original.jpg,맑고 깨끗한 유리알 광채와 얇고 촉촉한 피부 표현을 선사하는 속광 쿠션,쿠션,베이스,건성,,20
16,에스쁘아 비글로우 파운데이션 (20c쿨바닐라),42000,20dry_base_espoir-be-glow-foundation.jpg,맑고 건강한 피부 광채를 연출해주는 세미-글로우 파운데이션,파운데이션,베이스,건성,,20
17,지베르니 밀착 커버 파운데이션 (17C 포슬린),33000,20dry_base_giverney-milchak-cover-foundation.jpg,얇고 가볍게 피부에 착-붙어 들뜸 없이 자연스러운 커버와 지속력을 선사하는 초경량 밀착 커버 파운데이션,파운데이션,베이스,건성,,20
18,웨이크메이크 워터 글로우 코팅 파운데이션 (19호 포슬린),38000,20dry_base_wakemake-water-glow-coating-foundation.jpg,물 머금은 듯 맑은 광채를 코팅하듯 표현하며 얇고 촉촉하게 발리면서도 답답함 없이 오랜 시간 광채를 유지하는 파운데이션,파운데이션,베이스,건성,,20
19,에스티로더 퓨처리스트 아쿠아 브릴리언스 파운데이션 (1C0 포슬린),88000,20dry_base_estee-lauder-futurist-aqua-brilliance-foundation.jpg,촉촉하고 얇게 발리면서도 하루 종일 은은하게 빛나는 광채를 선사하는 수분 광채 파운데이션,파운데이션,베이스,건성,,20
20,지베르니 듀이 글래시 파운데이션 (17C 포슬린),33000,20dry_base_giverney-dewy-glassy-foundation.jpg,가볍게 발라도 샵에서 받은 듯한 듀이한 속광과 24시간 지속되는 은은한 물빛 피부를 선사하는 파운데이션,파운데이션,베이스,건성,,20
21,이니스프리 라이트 글로우 쿠션 (21N 바닐라),26000,20sensitive_base_innisfree-light-glow-cushion.jpg,자연스러운 윤기와 편안한 사용감으로 피부에 스미듯 밀착되어 은은하게 빛나는 피부를 연출하는 쿠션,쿠션,베이스,민감성,,20
22,더랩 바이 블랑두 올리고 히알루론산 헬씨 크림 쿠션 (0호 퓨어 아이보리),28000,20sensitive_base_the-lab-by-blancdoux-oligo-hyaluronic-healthy-cream-cushion.jpg,저분자 히알루론산과 안심성분으로 가볍고 건강한 피부를 선사하는 쿠션,쿠션,베이스,민감성,,20
23,토니모리 마이 루미너스 젤 글로우 쿠션 (01 스킨베이지),32000,20sensitive_base_tonymoly-my-luminous-gel-glow-cushion.jpg,촘촘한 메쉬망을 통해 얇고 균일하게 발리면서 24시간 지속되는 탱글한 광채와 완벽한 커버력을 선사하는 비건 글로우 쿠션,쿠션,베이스,민감성,,20
24,아이소이 스킨케어 비건 쿠션,52300,20sensitive_base_isoi-skincare-vegan-cushion.jpg,스킨케어 성분과 식물 유래 오일을 함유하여 메이크업과 스킨케어를 동시에 하며 피부를 편안하게 유지시켜주는 쿠션,쿠션,베이스,민감성,,20
25,톤핏선 비건 베베 톤업 선쿠션,24000,20sensitive_base_tonefit-vegan-bebe-toneup-suncushion.jpg,피부를 자연스럽게 밝혀주는 비건 톤업 선케어 쿠션,쿠션,베이스,민감성,,20
26,시드물 민중기 EFI 앰플 파운데이션 (20호),34000,20sensitive_base_sidmool-minjoonggi-efi-ampoule-foundation-20.jpg,장벽 강화 효과가 있는 리페어 앰플을 함유하여 커버력과 밀착력을 더한 얇고 가벼운 제형의 파운데이션,파운데이션,베이스,민감성,,20
27,아떼 비건 릴리프 톤업 선비비,17000,20sensitive_base_athe-vegan-relief-toneup-sunbb.jpg,피치빛 톤업과 자외선 차단 피부톤 보정 효과를 한번에 제공하는 비건 선 비비,파운데이션,베이스,민감성,,20
28,마녀공장 파운데이션프리 선크림,28000,20sensitive_base_manyofactory-padefree-sunscreen.jpg,자외선 차단과 동시에 톤 보정 모공 커버 기능까지 갖춘 올인 비건 선크림,파운데이션,베이스,민감성,,20
29,코스노리 유어 스킨 드레스 비건 톤업 선 베이스,26000,20sensitive_base_cosnori-your-skin-dress-vegan-toneup-sun-base.jpg,자연스러운 톤업과 강력한 자외선 차단 효과를 제공하며 모공과 요철을 커버해 매끈한 피부 표현을 돕는 비건 톤업 선 베이스,파운데이션,베이스,민감성,,20
30,클리오 킬커버 하이 글로우 파운데이션 (2호 란제리),34000,20sensitive_base_clio-killcover-high-glow-foundation-2-lingerie.jpg,생크림처럼 부드러운 발림성으로 누구나 쉽게 사용할 수 있으며 피부에 탱글한 광채와 매끈한 커버를 선사하는 글로우 광채 파운데이션,파운데이션,베이스,민감성,,20
31,헤라 블랙 쿠션 (21N1 바닐라),52000,21oily_base_hera-black-cushiona.jpg,커버력 높음 · 피니시 세미매트 · 지속력 매우 좋음,쿠션,베이스,지성,,21
32,라네즈 네오 쿠션 매트 (21N1 베이지 / 21C1 쿨 베이지),30000,21oily_base_laneige-neo-cushion-matte.jpg,커버력 중상 · 피니시 매트 · 지속력 매우 좋음,쿠션,베이스,지성,,21
33,클리오 킬커버 파운웨어 쿠션 (리넨 21호),30000,21oily_base_clio-kill-cover-founwear-cushion.jpg,커버력 높음 · 피니시 세미매트 · 지속력 매우 좋음,쿠션,베이스,지성,,21
34,에스쁘아 프로 테일러 비 벨벳 커버 쿠션 (아이보리 21호),38000,21oily_base_espoir-pro-tailor-be-velvet-cover-cushion.jpg,커버력 중상 · 피니시 벨벳-매트 · 지속력 좋음,쿠션,베이스,지성,,21
35,웨이크메이크 심리스 웨어 쿠션 (21N 바닐라),36000,21oily_base_wakemake-seamless-wear-cushion.jpg,커버력 중상 · 피니시 내추럴-매트 · 지속력 좋음,쿠션,베이스,지성,,21
36,에스티로더 더블웨어 (1W1 Bone / 1C1 Cool Bone),91000,21oily_base_esteelauder-double-wear-foundation.jpg,커버력 높음 · 피니시 매트 · 지속력 매우 강함,파운데이션,베이스,지성,,21
37,헤라 실키 스테이 24H 롱웨어 파운데이션 (21N1),70000,21oily_base_hera-silky-stay-24h-longwear-foundation.jpg,커버력 중상 · 피니시 세미매트 · 지속력 매우 좋음,파운데이션,베이스,지성,,21
38,나스 소프트 매트 컴플리트 파운데이션 (Fiji / Vienna),68000,21oily_base_nars-soft-matte-complete-foundation.jpg,커버력 높음 · 피니시 매트 · 지속력 매우 좋음,파운데이션,베이스,지성,,21
39,로레알파리 인파러블 24H 프레시 웨어 (125 Natural Beige / 110 Light Vanilla),27000,21oily_base_lorealparis-infallible-24h-fresh-wear-foundation.jpg,커버력 중상 · 피니시 세미매트 · 지속력 매우 좋음,파운데이션,베이스,지성,,21
40,지베르니 밀착 커버 파운데이션 (라이트베이지 / 쿨베이지),33000,21oily_base_giverny-milchak-cover-foundation.jpg,커버력 중상 · 피니시 세미매트 · 지속력 좋음,파운데이션,베이스,지성,,21
41,라네즈 네오 쿠션 글로우 (21N1 베이지 / 21C1 쿨베이지),30000,21dry_base_laneige-neo-cushion-glow.jpg,커버력 중간 · 피니시 글로우 · 지속력 보통-좋음,쿠션,베이스,건성,,21
42,AGE 20’s 글래스 스킨 에센스 팩트 [글로우] (21호),38000,21dry_base_age20s-glass-skin-essence-pact.jpg,커버력 중하 · 피니시 촉촉 글로우 · 지속력 보통,쿠션,베이스,건성,,21
43,정샘물 에센셜 스킨 누더 쿠션 (라이트),45000,21dry_base_jungsaemmool-essential-skin-nuder-cushion-light.jpg,커버력 중간 · 피니시 내추럴-글로우 · 지속력 좋음,쿠션,베이스,건성,,21
44,어뮤즈 세라믹 스킨 퍼펙터 쿠션 (1.5 내추럴),38000,21dry_base_amuse-ceramic-skin-perfector-cushion-1-5-natural.jpg,커버력 중간 · 피니시 세미매트 속광 · 지속력 보통-좋음,쿠션,베이스,건성,,21
45,에뛰드 더블 래스팅 쿠션 글로우 (N21 뉴트럴베이지),24000,21dry_base_etude-double-lasting-cushion-glow-n21-neutralbeige.jpg,커버력 중간 · 피니시 글로우 · 지속력 보통,쿠션,베이스,건성,,21
46,바비 브라운 인텐시브 세럼 파운데이션 (2 Sand),102000,21dry_base_bobbibrown-intensive-serum-foundation-2-sand.jpg,커버력 중간 · 피니시 글로우 · 지속력 좋음,파운데이션,베이스,건성,,21
47,조르지오 아르마니 루미너스 실크 (3호),98000,21dry_base_giorgioarmani-luminous-silk-foundation-3.jpg,커버력 중간 · 피니시 새틴 · 지속력 보통-좋음,파운데이션,베이스,건성,,21
48,나스 라이트 리플렉팅 파운데이션 (Fiji / Vienna),84000,21dry_base_nars-light-reflecting-foundation.jpg,커버력 중간 · 피니시 내추럴-글로우 · 지속력 좋음,파운데이션,베이스,건성,,21
49,어뮤즈 세라믹 스킨 퍼펙터 파운데이션 (1.5 내추럴),19000,21dry_base_amuse-ceramic-skin-perfector-foundation-1-5-natural.jpg,커버력 중하~중 · 피니시 새틴-글로우 · 지속력 보통,파운데이션,베이스,건성,,21
50,에스쁘아 비글로우 파운데이션 (21N 아이보리),42000,21dry_base_espoir-be-glow-foundation-21n-ivory.jpg,커버력 중간 · 피니시 글로우 · 지속력 보통-좋음,파운데이션,베이스,건성,,21
51,파넬 시카마누 세럼 쿠션 매트 (21호 페어아이보리),51000,21sensitive_base_farnell-cicamanu-serum-cushion-matte-21-fairivory.jpg,커버력 중간 · 피니시 소프트-매트 · 지속력 좋음,쿠션,베이스,민감성,,21
52,파넬 세럼 인 하이글로우 쿠션 (21호 페어아이보리),39000,21sensitive_base_farnell-serum-in-high-glow-cushion-21-fairivory.jpg,커버력 중하 · 피니시 글로우 · 지속력 보통,쿠션,베이스,민감성,,21
53,아이오페 에어쿠션 스킨 릴리프 (21N 바닐라),42000,21sensitive_base_iope-air-cushion-skin-relief-21n-vanilla.jpg,커버력 중간 · 피니시 내추럴 · 지속력 좋음,쿠션,베이스,민감성,,21
54,힌스 세컨 스킨 글로우 쿠션 (21호 아이보리),34000,21sensitive_base_hince-second-skin-glow-cushion-21-ivory.jpg,커버력 중하~중 · 피니시 글로우(새틴) · 지속력 보통,쿠션,베이스,민감성,,21
55,이니스프리 노세범 파우더 쿠션 (21N 바닐라),26000,21sensitive_base_innisfree-no-sebum-powder-cushion-21n-vanilla.jpg,커버력 중간 · 피니시 세미매트~매트 · 지속력 좋음,쿠션,베이스,민감성,,21
56,클리니크 이븐 베터 클리니컬 세럼 파운데이션 (라이트),72000,21sensitive_base_clinique-even-better-clinical-serum-foundation-light.jpg,커버력 중간 · 피니시 새틴-내추럴 · 지속력 좋음,파운데이션,베이스,민감성,,21
57,베어미네랄 오리지널 리퀴드 미네랄 파운데이션 (Light 08),49000,21sensitive_base_bareminerals-original-liquid-mineral-foundation-light-08.jpg,커버력 중하~중 · 피니시 내추럴 · 지속력 보통,파운데이션,베이스,민감성,,21
58,메이크업포에버 HD 스킨 파운데이션 (1Y08 Warm Porcelain / 1R12 Cool Ivory),72000,21sensitive_base_makeupforever-hd-skin-foundation.jpg,커버력 중간 · 피니시 내추럴-세미매트 · 지속력 좋음,파운데이션,베이스,민감성,,21
59,정샘물 에센셜 스킨 누더 파운데이션 (라이트),45000,21sensitive_base_jungsaemmool-essential-skin-nuder-foundation-light.jpg,커버력 중간 · 피니시 내추럴-글로우 · 지속력 보통-좋음,파운데이션,베이스,민감성,,21
60,넘버즈인 3번 도자기결 파운데이션스킵 톤업 베이지 (베이지),26000,21sensitive_base_numbuzin-no-3-porcelain-base-skip-tone-up-beige.jpg,커버력 중하 · 피니시 내추럴-글로우 · 지속력 보통,파운데이션,베이스,민감성,,21
61,킬커버 메쉬 글로우 쿠션(3호 리넨),"36,000",22dry_base_KillCoverMeshGlowCushion.jpg,맑은 피부결을 연출하는 커버 글로우,쿠션,베이스,건성,,22
62,듀 파워 비건 쿠션(02 헬시),"58,000",22sensitive_base_DewPowerVeganCushion.jpg,건강하고 매끈한 윤결광 피부,쿠션,베이스,민감성,,22
63,마스크 핏 레드 쿠션(22C 피치베이지),"29,000",22dry_base_MaskFitRedCushion.jpg,단 한번의 터치로 완성하는 72시간 초밀착 윤광커버,쿠션,베이스,건성,,22
64,나이아시카 워터리 크림 쿠션(2호 베이지),"33,000",22sensitive_base_NiacicaWateryCreamCushion.jpg,스킨케어 성분이 70% 함유되어 촉촉하고 편안한 사용감,쿠션,베이스,민감성,,22
65,에센셜 스킨 누더 쿠션(미디엄),"45,000",22dry_base_EssentialSkinNuderCushion_medium.jpg,타고난 피부처럼 맑은 윤광을 더해주는 내추럴 커버 쿠션,쿠션,베이스,건성,,22
66,매직 스노우 쿠션 3.0(22호 핑크베이지),"33,000",22sensitive_base_MagicSnowCushion3_0.jpg,컨실러 필요없는 강력한 모공 잡티 커버,쿠션,베이스,민감성,,22
67,커버리셔스 얼티밋 화이트 쿠션 모이스처(22 내추럴),"30,000",22dry_base_CovericiousUltimateWhiteCushionMoisture.jpg,어떤 환경에서도 무너짐 없이 24시간 커버 지속,쿠션,베이스,건성,,22
68,픽싱 커버 핏 쿠션(22 바닐라),"38,000",22dry_base_FixingCoverFitCushion.jpg,하루종일 조명 받은 듯 온종일 첫 컬러 그대로 유지되는 고밀착 하이퍼 커버,쿠션,베이스,건성,,22
69,릴리피트 시카 클리어 쿠션(02 페탈아이보리),"34,000",22sensitive_base_LilyfitCicaClearCushion.jpg,시카' 성분이 포함되어 있어 민감한 피부를 진정시키고 보호하는 데 도움,쿠션,베이스,민감성,,22
70,쿠션 글래스 내추럴(02 누드글래스),"28,000",22sensitive_base_CushionGlassNatural.jpg,이탈리아 브이라벨 바건 인증한 자연스러운 피부 표현과 맑은 광채를 선사하는 쿠션,쿠션,베이스,민감성,,22
71,킬커버 파운웨어 더뉴쿠션(3호 리넨),"36,000",22oily_base_KillCoverFounwearTheNewCushion.jpg,얇지만 확실한 커버력과 세미매트한 마무리감이 특징,쿠션,베이스,지성,,22
72,프로테일러 비벨벳 커버 쿠션 뉴클래스(22호 페탈),"38,000",22oily_base_ProTailorBeVelvetCoverCushionNewClass.jpg,얇고 완벽한 커버로 완성하는 독보적인 피부 표현,쿠션,베이스,지성,,22
73,윙크 파운데이션 팩트(22호 커버샌드),"28,000",22oily_base_WinkFoundationPact.jpg,모공 끼임이나 들뜸 없이 피부에 밀착되어 오랜 시간 깔끔한 피부 표현을 유지,쿠션,베이스,지성,,22
74,듀 젤리 마스터 쿠션(02 헬시),"38,000",22oily_base_DewJellyMasterCushion.jpg,바를 때는 촉촉하지만 마무리는 보송한 벨벳 제형의 반전 쿠션,쿠션,베이스,지성,,22
75,누 제로 쿠션(03 내추럴21),"25,000",22oily_base_NuZeroCushion.jpg,보송한 마무리감으로 모공을 자연스럽게 커버,쿠션,베이스,지성,,22
76,커버스테인 퍼펙팅 파운데이션(V02),"30,000",22oily_base_CoverStainPerfectingFoundation.jpg,피부에 맞게 피팅되어 얇고 완벽한 베이스를 연출해주는 반전 피팅 파운데이션,파운데이션,베이스,지성,,22
77,커버리셔스 파워 핏 파운데이션(22 내추럴),"34,000",22oily_base_CovericiousPowerFitFoundation.jpg,모공과 요철 커버에 뛰어나며 세미매트한 마무리감으로 오랜 시간 깔끔한 피부를 유지,파운데이션,베이스,지성,,22
78,밀착 커버 파운데이션(22NW 내추럴베이지),"33,000",22oily_base_MilchakCoverFoundation.jpg,커버력이 좋으면서도 답답하지 않은 사용감,파운데이션,베이스,지성,,22
79,비벨벳 파운데이션(22C 쿨페탈),"42,000",22oily_base_BeVelvetFoundation.jpg,모공 컬러까지 보정하는 차세대 모공커버 파운데이션,파운데이션,베이스,지성,,22
80,롱래스팅 파운데이션(22호 베이지),"30,000",22oily_base_LongLastingFoundation.jpg,라이트하지만 정교한 텍스쳐로 완성하는 예쁜 결 피부,파운데이션,베이스,지성,,22
81,킬커버 하이글로우 파운데이션(3호 리넨),"34,000",22dry_base_KillCoverHighGlowFoundation.jpg,피부결이 살아있는 빛나는 탱글광 얇게 밀착되어 편하게 연출되는 파운데이션,파운데이션,베이스,건성,,22
82,워터 글로우 코팅 파운데이션(22호),"38,000",22dry_base_WaterGlowCoatingFoundation.jpg,보습 성분 함유로 스킨케어 한 듯 건강하고 투명한 모이스쳐 광채,파운데이션,베이스,건성,,22
83,스킨 누더 파운데이션(미디엄),"52,000",22dry_base_SkinNuderFoundation.jpg,어느 각도에서나 은은한 윤기를 주면서 건조하지 않고 들뜸없는 메이크업 효과,파운데이션,베이스,건성,,22
84,세럼 인 하이글로우 파운데이션(1호),"37,000",22dry_base_SerumInHighGlowFoundation.jpg,파운데이션의 완벽한 피부표현과 촉촉한 스킨케어의 장점을 섞다,파운데이션,베이스,건성,,22
85,듀이 글래시 파운데이션(21NW 라이트 베이지),"33,000",22dry_base_DewyGlassFoundation.jpg,물빛 피부에 머금은듯 24h 마르지 않는 은은한 속광,파운데이션,베이스,건성,,22
86,스킨 레이어 핏 파운데이션(AT.22 아이보리),"28,000",22oily_base_SkinLayerFitFoundation.jpg,내 피부처럼 한 겹 한 겹 편안하게 매끈 밀착 커버 파운데이션,파운데이션,베이스,지성,,22
87,비글로우 스틱 파운데이션(22호 페탈),"32,000",22oily_base_BeGlowStickFoundation.jpg,정교하게 밀착되고 고급스러운 광택감이 오래 유지되는 스틱 파운데이션,파운데이션,베이스,지성,,22
88,밀착 매트핏 파운데이션(22NW 내추럴 베이지),"33,000",22oily_base_MilchakMatFitFoundation.jpg,피부에 얇게 밀착되어 텁텁함 없이 보송보송 파우더리 피부 표현,파운데이션,베이스,지성,,22
89,잉크래스팅 파운데이션 헬시글로우(V203),"26,000",22oily_base_InkLastingFoundationHealthyGlow.jpg,잉크처럼 차오르는 맑은 결피부 24Hrs All-day 예쁜 피부,파운데이션,베이스,지성,,22
90,스킨 파라다이스 쉬어 실크 파운데이션(03 FC2),"38,000",22oily_base_SkinParadiseSheerSilkFoundation.jpg,유해 성분을 배제하고 다알리아꽃 추출물 등 자연 유래 성분으로 만들어졌습니다.,파운데이션,베이스,지성,,22
91,헤라 실키 스테이 24H 롱웨어 파운데이션,70000,23oily_base_hera-silky-stay-24h-longwear-foundation.jpg,피니시: 실키 세미매트 · 색상/호수: 23N1(뉴트럴) ,파운데이션,베이스,지성,,23
92,지베르니 밀착 커버 파운데이션,33000,23oily_base_giverny-milchak-cover-foundation.jpg,피니시: 세미매트(내추럴 매트) · 색상/호수: 23 미디움베이지,파운데이션,베이스,지성,,23
93,웨이크메이크 심리스 웨어 파운데이션,38000,23oily_base_wakemake-seamless-wear-foundation.jpg,피니시: 소프트 세미매트 · 색상/호수: 23 베이지,파운데이션,베이스,지성,,23
94,VDL 커버스테인 퍼펙팅 파운데이션,30000,23oily_base_vdl-coverstain-perfecting-foundation.jpg,피니시: 세미매트 · 색상/호수: V02 ,파운데이션,베이스,지성,,23
95,에뛰드 더블 래스팅 파운데이션(매트),29000,23oily_base_etude-double-lasting-foundation-matte.jpg,피니시: 매트 · 색상/호수: 23N1 샌드,파운데이션,베이스,지성,,23
96,클리오 킬커버 파운웨어 더뉴쿠션,36000,23oily_base_clio-kill-cover-founwear-the-new-cushion.jpg,피니시: 세미매트(커버 중심) · 색상/호수: 3호 리넨,쿠션,베이스,지성,,23
97,티르티르 마스크 핏 올커버 쿠션,29000,23oily_base_tirtir-mask-fit-all-cover-cushion.jpg,피니시: 매트 · 색상/호수: 23N 샌드,쿠션,베이스,지성,,23
98,이니스프리 노세범 파우더 쿠션,26000,23oily_base_innisfree-no-sebum-powder-cushion.jpg,피니시: 매트 · 색상/호수: 23N 진저,쿠션,베이스,지성,,23
99,에스쁘아 프로테일러 비벨벳 커버 쿠션 뉴클래스,38000,23oily_base_espoir-pro-tailor-be-velvet-cover-cushion-new-class.jpg,피니시: 벨벳 매트(블러) · 색상/호수: 23 베이지 ,쿠션,베이스,지성,,23
100,헤라 블랙 쿠션 파운데이션,52000,23oily_base_hera-black-cushion-foundation.jpg,피니시: 소프트 매트(세미매트 체감) · 색상/호수: 23N1 베이지 ,쿠션,베이스,지성,,23
101,헤라 글로우 래스팅 24H 래디언트 스킨 파운데이션,70000,23dry-base-hera-glow-lasting-24h-radiant-skin-foundation.jpg,피니시: 글로우(래디언트) · 색상/호수: 23N1 베이지,파운데이션,베이스,건성,,23
102,정샘물 스킨 누더 파운데이션,52000,23dry-base-jungsaemmool-skin-nuder-foundation.jpg,피니시: 내추럴 글로우(새틴) · 색상/호수: 미디엄 ,파운데이션,베이스,건성,,23
103,바닐라코 커버리셔스 세럼 파운데이션,34000,23dry-base-banila-co-covericious-serum-foundation.jpg,피니시: 듀이 글로우 · 색상/호수: 23 미디엄,파운데이션,베이스,건성,,23
104,힌스 스킨 파운데이션,36000,23dry-base-hince-skin-foundation.jpg,피니시: 내추럴 글로우(세미글로우) · 색상/호수: 22 베이지,파운데이션,베이스,건성,,23
105,CNP 프로폴리스 앰플 인 파운데이션,32000,23dry-base-cnp-propolis-ampule-in-foundation.jpg,피니시: 듀이 글로우 · 색상/호수: 23호,파운데이션,베이스,건성,,23
106,헤라 리플렉션 스킨 글로우 쿠션 파운데이션,44000,23dry-base-hera-reflection-skin-glow-cushion-foundation.jpg,피니시: 글로우 · 색상/호수: 23N1,쿠션,베이스,건성,,23
107,힌스 세컨 스킨 글로우 쿠션,34000,23dry-base-hince-second-skin-glow-cushion.jpg,피니시: 글로우 · 색상/호수: 21 아이보리 ,쿠션,베이스,건성,,23
108,바닐라코 에센스 스킨 핑크 쿠션,30000,23dry-base-banila-co-essence-skin-pink-cushion.jpg,피니시: 듀이 글로우 · 색상/호수: 22 바닐라 ,쿠션,베이스,건성,,23
109,라네즈 네오 쿠션 글로우,30000,23dry-base-laneige-neo-cushion-glow.jpg,피니시: 글로우 · 색상/호수: 21N1 베이지 ,쿠션,베이스,건성,,23
110,롬앤 베어 워터 쿠션,28000,23dry-base-romand-bare-water-cushion.jpg,피니시: 워터리 글로우(얇은 커버) · 색상/호수: 04 베이지23,쿠션,베이스,건성,,23
111,헤라 실키 스테이 24H 롱웨어 파운데이션,70000,23sensitive-base-hera-silky-stay-24h-longwear-foundation.jpg,피니시: 실키 세미매트 · 색상/호수: 21C1 로제바닐라 ,파운데이션,베이스,민감성,,23
112,어뮤즈 세라믹 스킨 퍼펙터 파운데이션,19000,23sensitive-base-amuse-ceramic-skin-perfector-foundation.jpg,피니시: 세미글로우(내추럴) · 색상/호수: 02 헬시 ,파운데이션,베이스,민감성,,23
113,VDL 커버스테인 퍼펙팅 파운데이션,30000,23sensitive_base_vdl-coverstain-perfecting-foundation.jpg,피니시: 세미매트 · 색상/호수: V02 ,파운데이션,베이스,민감성,,23
114,파넬 시카마누 스킨 핏 파운데이션,37000,23sensitive-base-parnell-cicamano-skin-fit-foundation.jpg,피니시: 내추럴(세미글로우) · 색상/호수: 1호 ,파운데이션,베이스,민감성,,23
115,힌스 스킨 파운데이션,36000,23sensitive-base-hince-skin-foundation.jpg,피니시: 내추럴 글로우 · 색상/호수: 22 베이지 ,파운데이션,베이스,민감성,,23
116,힌스 세컨 스킨 메쉬 매트 쿠션,34000,23sensitive-base-hince-second-skin-mesh-matte-cushion.jpg,피니시: 소프트 매트(세미매트 체감) · 색상/호수: 23 샌드 ,쿠션,베이스,민감성,,23
117,파넬 시카마누 세럼 인 매트 쿠션,51000,23sensitive-base-parnell-cicamano-serum-in-matte-cushion.jpg,피니시: 매트(소프트 매트) · 색상/호수: 21 페어아이보리 ,쿠션,베이스,민감성,,23
118,클리오 킬커버 파운웨어 쿠션 디 오리지널,36000,23sensitive-base-clio-kill-cover-founwear-cushion-the-original.jpg,피니시: 세미매트 · 색상/호수: 21N 리넨,쿠션,베이스,민감성,,23
119,정샘물 에센셜 스킨 누더 쿠션,45000,23sensitive-base-jungsaemmool-essential-skin-nuder-cushion.jpg,피니시: 내추럴 글로우(새틴) · 색상/호수: 라이트,쿠션,베이스,민감성,,23
120,코스노리 판테놀 비건 글로우 쿠션,32000,23sensitive-base-cosnori-panthenol-vegan-glow-cushion.jpg,피니시: 글로우 · 색상/호수: 02 베이지 ,쿠션,베이스,민감성,,23
121,롬앤 더 쥬시 래스팅 틴트 (03 베어그레이프),13000,20spring_color_romand-juicy-lasting-tint(03).jpg,차분하고 톤 다운된 포도 컬러로 채도 높은 립이 부담스러운 봄웜톤과 여름쿨톤 사이에 걸친 사람들에게 적합한 뮤트한 누드톤 계열의 컬러,립,색조,,봄웜,
122,롬앤 더 쥬시 래스팅 틴트 (27 허니 듀 멜론),13000,20spring_color_romand-juicy-lasting-tint(27).jpg,봄웜톤에게 잘 어울리는 살구핑크 톤의 틴트로 맑고 투명한 광택과 함께 과즙 같은 느낌을 연출,립,색조,,봄웜,
123,퓌 3D 볼류밍 글로스 (70% 바닐라),18000,20spring_color_pui-3d-voluming-gloss.jpg,통통해 보이는 소프트한 복숭아빛 컬러로 봄웜톤에게 맑고 청순한 생기를 더해주는 쫀쫀한 글로스,립,색조,,봄웜,
124,헤라 센슈얼 누드 글로스 (422 란제리),40000,20spring_color_hera-sensual-nude-gloss.jpg,맑고 차분한 딸기 우유 핑크색으로 봄웜톤 라이트에게 잘 어울리며 입술에 촉촉하고 탱글한 광택과 볼륨감을 더해주는 제품,립,색조,,봄웜,
125,롬앤 글래스팅 컬러 글로스(13 구아바 크림),13000,20spring_color_romand-glasting-color-gloss.jpg,부드럽고 혈색 있는 코랄 베이지 컬러로 봄웜톤에게 잘 어울리는 따뜻하고 자연스러운 색감,립,색조,,봄웜,
126,데이지크 섀도우 팔레트 (32 밀키 애프리콧),34000,20spring_color_dasique-shadow-palette(32).jpg,여린 살구빛과 밀키한 텍스처로 싱그러운 봄웜톤을 위한 올매트 구성의 팔레트,아이,색조,,봄웜,
127,데이지크 섀도우 팔레트 (30 체리 블라썸),34000,20spring_color_dasique-shadow-palette(30).jpg,따스한 봄 햇살과 벚꽃을 닮은 코랄 핑크 컬러로 봄웜톤에게 화사하고 생기 있는 아이 메이크업을 연출할 수 있는 팔레트,아이,색조,,봄웜,
128,클리오 프로 아이 팔레트 (02 로즈 커넥트),34000,20spring_color_clio-pro-eye-palette.jpg,봄웜 라이트톤에게 적합한 활기찬 장미빛 색조와 다양한 펄 매트 제형이 특징인 아이 섀도우 팔레트,아이,색조,,봄웜,
129,이글립스 소프트 아이 팔레트(04 선키스드),26000,20spring_color_eglips-soft-eye-palette.jpg,여름 햇살의 눈부심을 담은 오렌지 코랄 조합의 싱그러운 컬러인 팔레트,아이,색조,,봄웜,
130,페리페라 스피디 스키니 브로우 (08 토프 베이지),6000,20spring_color_peripera-speedy-skinny-brow.jpg,베이지 60%에 브라운 한방울이 섞여 자연스럽고 부드러운 인상을 연출 가능한 아이,아이,색조,,봄웜,
131,데이지크 섀도우 팔레트 (03 누드 포션) ,34000,21spring_color_dasique-shadow-palette-03-nudepotion.jpg,소프트 피치·누드와 은은 펄로 맑고 가벼운 봄웜 데일리에 적합.,아이,색조,,봄웜,
132,롬앤 베러 댄 팔레트 (08 피치달리아가든),30000,21spring_color_romand-better-than-palette-08-peachdahlia-garden.jpg,봄웜 라이트/브라이트에 화사한 혈색을 올려주는 피치 코랄 9구로 데일리부터 포인트까지 한 팔레트로 해결.,아이,색조,,봄웜,
133,클리오 프로 아이 팔레트 에어 (9호 복숭아누르면사과해) ,34000,21spring_color_clio-pro-eye-palette-air-09-peach-apple.jpg,올매트 중심의 피치·살구 톤으로 깨끗하고 보송한 봄웜 데일리 적합.,아이,색조,,봄웜,
134,베네피트 프리사이슬리 마이 브로우 펜슬 (3 웜 라이트 브라운),40000,21spring_color_benefit-precisely-my-brow-pencil-3-warm-light-brown.jpg,초미세 심으로 결을 섬세하게 채워 주고 웜 브라운 톤이 봄웜 모발·피부 잘어울림.,아이,색조,,봄웜,
135,슈에무라 하드포뮬라 (03 Brown),36000,21spring_color_shuuemura-hard-formula-03-brown.jpg,부드러운 웜 라이트 브라운이 과하지 않게 결을 살림,아이,색조,,봄웜,
136,롬앤 글래스팅 멜팅 밤 (03 소르베),13000,21spring_color_romand-glasting-melting-balm-03-sorbetbalm.jpg,맑은 피치 코랄 계열로 봄웜 라이트·클리어에 생기만 톡 올라오는 수채광 발색,립,색조,,봄웜,
137,어뮤즈 듀 틴트 (10 피치 버니),20000,21spring_color_amuse-dew-tint-10-peach-bunny.jpg,물막광 제형에 살구빛이 도는 투명 코랄; 쌩얼·데일리 모두 무난,립,색조,,봄웜,
138,페리페라 잉크 무드 글로이 틴트 (2호 손웜수템),22000,21spring_color_peripera-ink-mood-glowy-tint-02-coral-influencer.jpg,유리광 톤업 코랄로 탁기 없이 화사한 봄웜 무드 연출,립,색조,,봄웜,
139,힌스 무드 인핸서 리퀴드 글로우 (렛미듀),17000,21spring_color_hince-mood-enhancer-liquid-glow-letmedew.jpg,과한 틴트감 없이 새틴 글로우로 입술 톤을 환하게,립,색조,,봄웜,
140,클리오 크리스탈 글램 틴트 (03 블러쉬드 피치),18000,21spring_color_clio-crystal-glam-tint-03-blushed-peach.jpg,촉촉 글로시 피치 코랄 베이스로 봄웜 상·하의 무드 모두 매칭 쉬움,립,색조,,봄웜,
141,3D 볼류밍 글로스(A01 바닐라30%),"18,000",22spring_color_3DVolumingGloss.jpg,입술에 녹아들어 뜨지 않는 뉴드럴 누디 핑크,립,색조,,봄웜,
142,듀이 젤 맥시 글로스(10 베일드뮤즈),"14,000",22spring_color_DewyGelMaxiGloss.jpg,누디한 글로스의 정석 얼굴에 착 붙는 리얼 누드 베이지,립,색조,,봄웜,
143,도트 온 무드  웨이 글로이 틴트(05 로지밤),"18,000",22spring_color_DotOnMoodOneWayGlowTint.jpg,물기 먹은 생화 장미를 언상시키는 뉴트럴 프레시 로즈,립,색조,,봄웜,
144,버블 잼 글로스(01 리치번),"13,000",22spring_color_BubbleJamGloss.jpg,밀크티 한 방울 누디 리치 컬러,립,색조,,봄웜,
145,센슈얼 누드 글로스(401호 누디스트),"40,000",22spring_color_SensualNudeGloss.jpg,오묘한 느낌의 차분한 누드 베이지,립,색조,,봄웜,
146,프로타주 팔레트(1호 피치플레인),"34,000",22spring_color_ProtajePalette.jpg,맑고 뽀얀 피치빛 무드를 담은 파스텔 코랄 팔레트,아이,색조,,봄웜,
147,마이페이브 무드 아이(12 폴인오트),"28,000",22spring_color_MyFaveMoodEyePalette.jpg,은은한 살구 오트 컬러감의 팔레트,아이,색조,,봄웜,
148,베어 레이어 팔레트(01호 애프리콧무드),"29,000",22spring_color_BareLayerPalette.jpg,맑은 피치컬러로 완성하는 애프리콧무드,아이,색조,,봄웜,
149,프로 아이 에어(9호 복숭아누르면사과해),"34,000",22spring_color_ProEyePaletteAir.jpg,웜톤 과즙 가득한 상큼한 꿀복숭아&꿀사과 컬러,아이,색조,,봄웜,
150,올테이크 무드 팔레트(001 봄바람이부는걸보니봄이왔나봄),"21,000",22spring_color_AllTakeMoodPalette.jpg,눈가에 살랑살랑~ 봄바람 부는 뽀얀 라이트 코랄 컬러 ,아이,색조,,봄웜,
151,웨이크메이크 소프트 블러링 아이 팔레트 12구,32000,23spring_color_wakemake-soft-blurring-eye-palette-06-apricot-blurring.jpg,피니시: 소프트 매트 중심 + 미세 쉬머 · 색상/호수: 06 Apricot Blurring ,아이,색조,,봄웜,
152,데이지크 섀도우 팔레트,34000,23spring_color_dasique-shadow-palette-07-milk-latte.jpg,피니시: 매트 중심 + 새틴/쉬머 포인트 · 색상/호수: 07 밀크 라떼 ,아이,색조,,봄웜,
153,클리오 프로 아이 팔레트 에어,34000,23spring_color_clio-pro-eye-palette-air-01-coral-studio.jpg,피니시: 매트 위주 + 미세 쉬머 · 색상/호수: 01 코랄 스튜디오 ,아이,색조,,봄웜,
154,클리오 킬브로우 오토 하드 브로우 펜슬,20000,23spring_color_clio-kill-brow-auto-hard-brow-pencil-01-natural-brown.jpg,피니시: 내추럴 매트 · 색상/호수: 01 Natural Brown ,아이,색조,,봄웜,
155,롬앤 한올 샤프 브로우,12000,23spring_color_romand-hanol-sharp-brow-w2-mild-woody.jpg,피니시: 내추럴 매트 · 색상/호수: W2 마일드우디 ,아이,색조,,봄웜,
156,롬앤 글래스팅 멜팅 밤,13000,23spring_color_romand-glasting-melting-balm-05-nougat-sand.jpg,피니시: 글로시 밤(쉬어) · 색상/호수: 05 누가샌드 ,립,색조,,봄웜,
157,롬앤 쥬시 래스팅 틴트,13000,23spring_color_romand-juicy-lasting-tint-01-pomelo-skin.jpg,피니시: 글로시 틴트(스테인) · 색상/호수: 01 포멜로스킨,립,색조,,봄웜,
158,페리페라 잉크 무드 글로이 틴트,22000,23spring_color_peripera-ink-mood-glowy-tint-02-son-warm-sutem.jpg,피니시: 글로시 · 색상/호수: 2호 손웜수템 ,립,색조,,봄웜,
159,어뮤즈 듀 틴트,20000,23spring_color_amuse-dew-tint-13-dewy-peach.jpg,피니시: 듀이 글로스 · 색상/호수: 13 물복숭아 ,립,색조,,봄웜,
160,힌스 로우 글로우 젤 틴트,17000,23spring_color_hince-raw-glow-gel-tint-r001-bare.jpg,피니시: 글로시 젤 · 색상/호수: R001 베어 ,립,색조,,봄웜,
161,얼터너티브스테레오 립 포션 슈가 글레이즈 틴트 (15 피그볼),19000,20fall_color_alternativestereo-lip-potion-sugar-glaze-tint.jpg,웜톤에게 잘 어울리는 복숭아 빛이 감도는 투명한 컬러,립,색조,,가을웜,
162,힌스 로 글로우 젤 틴트 (11 차이),17000,20fall_color_hince-ro-glow-gel-tint.jpg,밀크티 한방울 더한 소프트 누드 베이지 컬러,립,색조,,가을웜,
163,토니모리 겟잇 틴트 글레이즈 밤 (13 다크초코),18000,20fall_color_tonymoly-get-it-tint-glaze-balm.jpg,쌉쌀한 다크 초콜릿에 달콤한 연유를 첨가한 듯 고혹적인 소프트 딥브라운 컬러,립,색조,,가을웜,
164,에스쁘아 꾸뛰르 립틴트 글레이즈 (버터벨),22000,20fall_color_espoir-couture-liptint-glaze.jpg,따뜻하게 녹아내리는 버터 베이지 컬러,립,색조,,가을웜,
165,롬앤 더 쥬시 래스팅 틴트 (02 누카다미아),13000,20fall_color_romand-juicy-lasting-tint.jpg,피부톤에 부드럽게 녹아드는 내추럴 레드 브라운,립,색조,,가을웜,
166,데이지크 섀도우 팔레트 (24 뮤티드 넛츠),34000,20fall_color_dasique-shadow-palette(24).jpg,너티한 베이스에 아른거리듯 반짝이는 글리터를 더한 뮤티드 브라운 팔레트,아이,색조,,가을웜,
167,데이지크 섀도우 팔레트 (05 선셋뮬리),34000,20fall_color_dasique-shadow-palette(05).jpg,랄 브라운 핑크 브라운 톤의 9가지 색상으로 흰끼가 살짝 가미되어 뮤트하면서도 붉은기가 적절히 들어가 자연스러운 팔레트,아이,색조,,가을웜,
168,클리오 프로 아이 팔레트 (08 라떼는 선임),34000,20fall_color_clio-pro-eye-palette.jpg,오트라떼 컬러가 담긴 베이지 브라운 팔레트,아이,색조,,가을웜,
169,이글립스 소프트 아이 팔레트(05 비네트),26000,20fall_color_eglips-soft-eye-palette.jpg,잔상 위로 은은하게 퍼지는 베이지 브라운의 따뜻한 컬러인 팔레트,아이,색조,,가을웜,
170,페리페라 스피디 스키니 브로우 (03 내추럴 브라운),6000,20fall_color_peripera-speedy-skinny-brow.jpg,염색모에 무난한 내추럴 브라운 컬러인 아이,아이,색조,,가을웜,
171,클리오 프로 아이 팔레트 에어 (08 Latte Senior),34000,21fall_color_clio-pro-eye-palette-air-08-latte-senior.jpg,올매트/얇은 발색으로 가을웜 음영 메이크업에 최적 색 뭉침 적고 데일리 용이.,아이,색조,,가을웜,
172,데이지크 섀도우 팔레트 (07 Milk Latte),34000,21fall_color_dasique-shadow-palette-07-milk-latte.jpg,고운 매트 + 은은 쉬머 조합 웜 브라운·베이지 스펙트럼이 넓어 활용도 높음.,아이,색조,,가을웜,
173,롬앤 베러 댄 팔레트 (02 마호가니가든),30000,21fall_color_romand-better-than-palette-02-mahogany-garden.jpg,따뜻한 브라운·브릭 축에 고운 매트+은은 쉬머 구성으로 21호 가을웜의 데일리부터 포인트까지 실패율 낮음.,아이,색조,,가을웜,
174,롬앤 한올 플랫 브로우 (W2 Mild Woody),11000,21fall_color_romand-han-all-flat-brow-w2-mild-woody.jpg,플랫 컷 심으로 결 살리기 쉬움; 내추럴/월넛 브라운 등 웜 모발과 이질감 적음.,아이,색조,,가을웜,
175,클리오 샤프 쏘 심플 브로우 펜슬 (Light Brown),14000,21fall_color_clio-sharp-so-simple-brow-pencil-light-brown.jpg,1.5mm 심로 디테일 채우기 쉽고 내추럴 브라운 톤이 가을웜에 무난.,아이,색조,,가을웜,
176,헤라 센슈얼 파우더 매트 리퀴드 (435 Pampas),45000,21fall_color_hera-sensual-powder-matte-liquid-435-pampas.jpg,미세 블러 매트 + 브릭/초콜릿/테라코타 컬러군이 가을웜 혈색·깊이 보완에 안정적.,립,색조,,가을웜,
177,힌스 로 글로우 젤 틴트 (11 차이),17000,21fall_color_hince-raw-glow-gel-tint-11-chai.jpg,얇고 투명한 글로우 제형에 웜 코랄·누드 컬러 다수 → 21호 가을웜 데일리 보정에 적합.,립,색조,,가을웜,
178,머지 더 퍼스트 벨벳틴트 시즌 1 (V6 피렌체네그로니),8900,21fall_color_merzy-the-first-velvet-tint-v6-firenze-negroni.jpg,시나몬 브릭 톤의 정석 가을웜 MLBB 얇게도 진하게도 예쁜 벨벳.,립,색조,,가을웜,
179,페리페라 잉크 무드 글로이 틴트 (020 Brown Yakgwa),11000,21fall_color_peripera-ink-mood-glowy-tint-20-brown-yakgwa.jpg,유리알 광택 + 웜 코랄·살구·브릭군이 다양 가을웜 “생기+윤기” 연출에 안전.,립,색조,,가을웜,
180,롬앤 듀이풀 워터 틴트 (12 Canyon),13000,21fall_color_romand-dewyful-water-tint-12-canyon.jpg,물광 틴트 중 컬러 폭이 넓고 웜 MLBB가 많아 “톤-다운 생기” 구현 쉬움.,립,색조,,가을웜,
181,쥬시 래스팅 틴트(01 포멜로스킨),"13,000",22fall_color_JuicyLastingTint.jpg,과일의 속상을 부드럽게 담아낸 누디 베이지,립,색조,,가을웜,
182,도트 온 무드  웨이 글로이 틴트(09 피치밀크),"18,000",22fall_color_DotOnMoodOneWayGlowTint.jpg,소프트-브라이트 톤의 피치 조합으로 맑고 청아한 복숭아 우유빛,립,색조,,가을웜,
183,오버 글레이즈(06 땅콩당),"16,000",22fall_color_OverGlaze.jpg,분위기가 스며든 땅콩 속껍질 누디 땅콩,립,색조,,가을웜,
184,크리스탈 글램틴트(20호 바닐라애플),"18,000",22fall_color_CrystalGlamTint.jpg,바닐라 한 방울 섞은 여릿한 사과,립,색조,,가을웜,
185,잉크 무드 글로이 틴트(3호 맘찍로즈),"11,000",22fall_color_InkMoodGlowTint.jpg,싱그러운 청초 광택 연출,립,색조,,가을웜,
186,무드잇 팔레트(03 뉴트럴잇),"16,000",22fall_color_MoodItPalette.jpg,뉴트럴 톤의 포근한 매력을 더해주는 소프트 브라운 컬러,아이,색조,,가을웜,
187,리턴 투 베이직 섀도우 팔레트(01 클레식),"22,000",22fall_color_ReturnToBasicShadowPalette.jpg,차분하고 마일드한 카멜 브라운,아이,색조,,가을웜,
188,잉크 포켓 섀도우 팔레트(4호 뮤트를아는느낌),"15,000",22fall_color_InkPocketShadowPalette.jpg,균형잡힌  뮤트 톤으로 뮤트학사 취득 뮤트 저격 데일리 팔레트,아이,색조,,가을웜,
189,아이 코어 팔레트(3호 빈티지뮤트),"36,000",22fall_color_EyeCorePalette.jpg,요즘 빈티지 감성을 녹인 노란기 싹 뺀 뮤티드 얼그레이,아이,색조,,가을웜,
190,마이페이브 무드 아이 팔레트(06 버튼업),"28,000",22fall_color_MyFaveMoodEyePalette.jpg,그윽한 로지 토프 음영,아이,색조,,가을웜,
191,WAKEMAKE 소프트 블러링 아이 팔레트,34000,23fall_color_wakemake-soft-blurring-eye-palette-12-classic-brown-blurring.jpg,피니시: 소프트 매트 중심 + 미세 쉬머 · 색상/호수: 12 클래식 브라운 블러링 ,아이,색조,,가을웜,
192,데이지크 섀도우 팔레트,34000,23fall_color_dasique-shadow-palette-10-autumn-breeze.jpg,피니시: 매트 중심 + 새틴/쉬머 · 색상/호수: 10 Autumn Breeze,아이,색조,,가을웜,
193,클리오 프로 아이 팔레트 에어,34000,23fall_color_clio-pro-eye-palette-air-08-latte-senior.jpg,피니시: 매트 위주 + 미세 쉬머 · 색상/호수: 08 라떼는 선임 ,아이,색조,,가을웜,
194,클리오 킬브로우 오토 하드 브로우 펜슬,20000,23fall_color_clio-kill-brow-auto-hard-brow-pencil-03-peanut-brown.jpg,피니시: 내추럴 매트 · 색상/호수: 3호 피넛브라운 ,아이,색조,,가을웜,
195,롬앤 한올 플랫 브로우,11000,23fall_color_romand-hanol-flat-brow-w2-mild-woody.jpg,피니시: 내추럴 매트 · 색상/호수: W2 Mild Woody,아이,색조,,가을웜,
196,롬앤 더 쥬시 래스팅 틴트,13000,23fall_color_romand-the-juicy-lasting-tint-02-nucadamia.jpg,피니시: 글로시 틴트(스테인) · 색상/호수: 02 누카다미아 ,립,색조,,가을웜,
197,페리페라 잉크 무드 글로이 틴트,11000,23fall_color_peripera-ink-mood-glowy-tint-020-dangmatdori.jpg,피니시: 글로시 · 색상/호수: 020 당맛도리 ,립,색조,,가을웜,
198,롬앤 글래스팅 멜팅 밤,13000,23fall_color_romand-glasting-melting-balm-11-buffy-coral.jpg,피니시: 글로시 밤 · 색상/호수: 11 버피코랄,립,색조,,가을웜,
199,어뮤즈 젤핏 틴트,20000,23fall_color_amuse-gel-fit-tint-07-caramel.jpg,피니시: 글로시 젤 · 색상/호수: 07 카라멜 ,립,색조,,가을웜,
200,롬앤 제로 벨벳 틴트,13000,23fall_color_romand-zero-velvet-tint-23-vintage-taupe.jpg,피니시: 벨벳 매트(블러) · 색상/호수: 23 빈티지 토프 ,립,색조,,가을웜,
201,하트퍼센트 도트 온 무드 퓨어 글로우 틴트 (13 베어립스),18000,20summer_color_heartpercent-dot-on-mood-pure-glow-tint.jpg,맑은 핑크립에 베이지 컬러 한방울 쿨톤 MLBB 핑크베이지 립,립,색조,,여름쿨,
202,헤라 센슈얼 누드 글로스 (380 체리쉬),40000,20summer_color_hera-sensual-nude-gloss.jpg,플럼 한방울의 뮤티드 베리 레드,립,색조,,여름쿨,
203,얼터너티브스테레오 립 포션 슈가 글레이즈 틴트 (13 오디볼),19000,20summer_color_alternativestereo-lip-potion-sugar-glaze-tint.jpg,맑고 투명한 발색에 유리알 같은 광택과 도톰한 볼륨감을 주는 틴트,립,색조,,여름쿨,
204,롬앤 더 쥬시 래스팅 틴트 (03 베어그레이프),13000,20summer_color_romand-juicy-lasting-tint(03).jpg,차분하고 톤 다운된 포도 컬러로 채도 높은 립이 부담스러운 봄웜톤과 여름쿨톤 사이에 걸친 사람들에게 적합한 뮤트한 누드톤 계열의 컬러,립,색조,,여름쿨,
205,롬앤 더 쥬시 래스팅 틴트 (04 피그피그),13000,20summer_color_romand-juicy-lasting-tint(04).jpg,무화과 컬러를 그대로 담은 쿨 로즈 MLBB,립,색조,,여름쿨,
206,데이지크 섀도우 팔레트 (31 러브 블라썸),34000,20summer_color_dasique-shadow-palette(31).jpg,오묘한 모브 핑크 컬러를 담아 로맨틱한 무드를 완성해주는 팔레트,아이,색조,,여름쿨,
207,데이지크 섀도우 팔레트 (33 밀키 베리),34000,20summer_color_dasique-shadow-palette(33).jpg,여린 베리 컬러에 밀키함을 더해 부드러운 생기를 연출해 주는 소프트 베리 팔레트,아이,색조,,여름쿨,
208,클리오 프로 아이 팔레트 (07 라벤더 신입),34000,20summer_color_clio-pro-eye-palette.jpg,사랑스러운 라벤더 토프 컬러 팔레트,아이,색조,,여름쿨,
209,이글립스 소프트 아이 팔레트(03 유포리아),26000,20summer_color_eglips-soft-eye-palette.jpg,화사하게 스며드는 핑크라벤더 컬러의 팔레트,아이,색조,,여름쿨,
210,페리페라 스피디 스키니 브로우 (09 토프 브라운),6000,20summer_color_peripera-speedy-skinny-brow.jpg,토프 베이지 컬러에 살짝의 먹끼를 섞어 쌩얼에도 자연스러운 연출이 가능한 컬러,아이,색조,,여름쿨,
211,롬앤 베러 댄 팔레트 (06 피오니 누드 가든),30000,21summer_color_romand-better-than-palette-06-peony-nude-garden.jpg,라이트한 핑크·모브 음영과 글리터 포인트 조합이 여쿨 메이크업에 최적,아이,색조,,여름쿨,
212,롬앤 베러 댄 팔레트 (09 드리미 라일락 가든0,30000,21summer_color_romand-better-than-palette-09-dreamy-lilac-garden.jpg,라일락·핑크 톤의 맑은 쿨 음영과 쉬머 포인트로 21호 여쿨의 화사한 무드 연출에 적합,아이,색조,,여름쿨,
213,데이지크 섀도우 팔레트 (18 베리 스무디),34000,21summer_color_dasique-shadow-palette-18-berry-smoothie.jpg,투명한 쿨 핑크 혈색을 깔끔히 올려주는 여쿨 팔레트,아이,색조,,여름쿨,
214,에뛰드 드로잉 아이 (6호 애쉬 브라운),4000,21summer_color_etude-drawing-eyebrow-06-ash-brown.jpg,회기 도는 애쉬 브라운으로 여름쿨 헤어/톤에 자연스러운 음영,아이,색조,,여름쿨,
215,롬앤 한올 플랫 브로우 (W2 마일드 우디),12000,21summer_color_romand-han-all-flat-brow-w2-mild-woody.jpg,플랫 컷 팁으로 결 살리기 쉬움 쿨 브라운 계열 컬러 선택 가능,아이,색조,,여름쿨,
216,어뮤즈 듀 틴트 (07 로즈 워터),20000,21summer_color_amuse-dew-tint-07-rose-water.jpg,맑은 로지 핑크의 물막광·투명 발색이 여름쿨에 생기만 톡 올라옴,립,색조,,여름쿨,
217,롬앤 글래스팅 멜팅 밤 (07 모브 휩),13000,21summer_color_romand-glasting-melting-balm-07-mauve-whip.jpg,쿨 모브 핑크 + 촉촉한 글로시 밤 제형으로 흰기 없이 혈색 보정,립,색조,,여름쿨,
218,클리오 크리스탈 글램 틴트 (06 데일리모브) ,13000,21summer_color_clio-crystal-glam-tint-06-daily-mauve.jpg,포도빛 쿨 라일락 계열의 맑은 광 틴트로 여름쿨 대표색,립,색조,,여름쿨,
219,페리페라 잉크 무드 글로이 틴트 (4호 갓기천사),11000,21summer_color_peripera-ink-mood-glowy-tint-04-good-enough-coral.jpg,차분한 쿨 핑크 톤 + 유리광 제형으로 데일리 쿨톤 연출,립,색조,,여름쿨,
220,에뛰드 픽싱 틴트 (11호 로즈 블렌딩) ,12000,21summer_color_etude-fixing-tint-11-rose-blending.jpg,차분한 쿨 로즈 MLBB에 픽싱·지속력이 좋아 선명하지만 과하지 않은 21호 여쿨 립 연출 가능,립,색조,,여름쿨,
221,아이시글로우(01 페탈),"18,000",22summer_color_EyeSeaGlow.jpg,여리하고 쉬어한 무드의 페일 로즈,립,색조,,여름쿨,
222,듀이풀 워터 틴트(05 태피),"13,000",22summer_color_DewyFullWaterTint.jpg,새콤달콤 태피같은 청량한 버블 핑크,립,색조,,여름쿨,
223,크리스탈 글램틴트(3호 블러쉬드피치),"18,000",22summer_color_CrystalGlamTint.jpg,생기있는 핑크 컬러,립,색조,,여름쿨,
224,쥬시 듀이 틴트(17 피그베리),"17,000",22summer_color_JuicyDewyTint.jpg,무화과에 베이지빛을 살짝 더한 뮤티드 모드 핑크,립,색조,,여름쿨,
225,겟잇 틴트 워터풀 시럽(10 베리시럽),"16,000",22summer_color_GetItTintWaterfulSyrup.jpg,잘 익은 베리에 시럽을 더한 듯 생기 넘치는 브라이트 핑크 컬러,립,색조,,여름쿨,
226,베어 레이어 팔레트(02호 스트로베리무드),"29,000",22summer_color_BareLayerPalette.jpg,여린 핑크컬러로 완성하는 스트로베리 무드,아이,색조,,여름쿨,
227,무드키보드(09 밀키베리 스테레오),"29,000",22summer_color_MoodKeyboard.jpg,밀키베리 핑크부터 음영 쿨 핑크까지,아이,색조,,여름쿨,
228,무드 섀도우 팔레트(04 라이트라벤더),"39,000",22summer_color_MoodShadowPalette.jpg,맑고 화사한 핑크빛 라벤더 컬러 스와치로 정교하게 제작된 팔레트,아이,색조,,여름쿨,
229,마이페이브 무드 아이 팔레트(쉘인더씨),"28,000",22summer_color_MyFaveMoodEyePalette.jpg,청량하고 소프트한 조개의 뽀얀 무드 담은 팔레트 색상,아이,색조,,여름쿨,
230,숄 모먼트 아이섀도우 팔레트(04 라일락모먼트),"32,000",22summer_color_ShawlMomentEyeShadowPalette.jpg,달콤한 퍼플 빛 향기를 담은 라일락 모먼트 팔레트,아이,색조,,여름쿨,
231,WAKEMAKE 소프트 블러링 아이 팔레트,34000,23summer_color_wakemake-soft-blurring-eye-palette-04-lavender-blurring.jpg,피니시: 소프트 매트 중심 + 미세 쉬머 · 색상/호수: 04 라벤더 블러링,아이,색조,,여름쿨,
232,홀리카홀리카 마이 페이브 무드 아이 팔레트,28000,23summer_color_holikaholika-my-fave-mood-eye-palette-02-moony.jpg,피니시: 매트 중심 + 새틴/쉬머 · 색상/호수: 02 무니 ,아이,색조,,여름쿨,
233,클리오 킬브로우 오토 하드 브로우 펜슬,20000,23summer_color_clio-kill-brow-auto-hard-brow-pencil-05-gray-brown.jpg,피니시: 내추럴 매트 · 색상/호수: 5호 그레이브라운 ,아이,색조,,여름쿨,
234,에뛰드 드로잉 아이,40000,23summer_color_etude-drawing-eyebrow-05-gray-brown.jpg,피니시: 내추럴 매트 · 색상/호수: #2 그레이브라운 ,아이,색조,,여름쿨,
235,키스미 헤비로테이션 컬러링 아이,15000,23summer_color_kissme-heavyrotation-coloring-eyebrow-mascara-08-ash-gray.jpg,피니시: 내추럴 매트 · 색상/호수: 08 애쉬 그레이 ,아이,색조,,여름쿨,
236,롬앤 글래스팅 멜팅 밤,13000,23summer_color_romand-glasting-melting-balm-12-veiled-rose.jpg,피니시: 글로시 밤(쉬어) · 색상/호수: 12 Veiled Rose ,립,색조,,여름쿨,
237,페리페라 잉크 무드 글로이 틴트,11000,23summer_color_peripera-ink-mood-glowy-tint-21-cool-so-pyeongga.jpg,피니시: 글로시 · 색상/호수: 21 쿨소평가 ,립,색조,,여름쿨,
238,어뮤즈 젤-핏 틴트,20000,23summer_color_amuse-gel-fit-tint-06-seoul-girl.jpg,피니시: 글로시 젤 · 색상/호수: 06 Seoul Girl ,립,색조,,여름쿨,
239,DINTO 블러 글로이 립,20000,23summer_color_dinto-blur-glowy-lip-tint-205-justitia.jpg,피니시: 블러 벨벳 + 소프트 글로우 · 색상/호수: 205 Justitia ,립,색조,,여름쿨,
240,헤라 센슈얼 스파이시 누드 글로스,40000,23summer_color_hera-sensual-spicy-nude-gloss-422-lingerie.jpg,피니시: 하이-글로스(플럼핑) · 색상/호수: 422 란제리 ,립,색조,,여름쿨,
241,삐아 오버 글레이즈 스틱 (10 타로 글레이즈),14000,20winter_color_bbia-over-glaze-stick.jpg,쿨하면서도 차분한 모브 빛 타로 컬러에 탁기 한 방울이 들어간 립,립,색조,,겨울쿨,
242,롬앤 더 쥬시 래스팅 틴트 (21 그레이프 밤),13000,20winter_color_romand-juicy-lasting-tint.jpg,푸른빛이 그득 들어간 레드 핑크,립,색조,,겨울쿨,
243,삐아 글로우 틴트 (13 마룬 보틀),14000,20winter_color_bbia-glow-tint(13).jpg,딥한 플럼 브라운 컬러,립,색조,,겨울쿨,
244,삐아 글로우 틴트 (18 윈터 보틀),14000,20winter_color_bbia-glow-tint(18).jpg,소프트 플럼 모브 컬러,립,색조,,겨울쿨,
245,퓌 3D 볼류밍 글로스 (70% 타로),18000,20winter_color_pui-3d-voluming-gloss.jpg,그레이 한방울 떨어져 오묘해진 타로모브 컬러,립,색조,,겨울쿨,
246,데이지크 섀도우 팔레트 (13 쿨 블렌딩),34000,20winter_color_dasique-shadow-palette(13).jpg,쿨톤을 위한 베이직 컬러를 은은하게 우려낸 타로티 무펄 팔레트,아이,색조,,겨울쿨,
247,데이지크 섀도우 팔레트 (29 모브 베어),34000,20winter_color_dasique-shadow-palette(29).jpg,오묘한 애쉬 모브 컬러 쉐이드에 허니 핑크 글리터를 더한 모브 베어 팔레트,아이,색조,,겨울쿨,
248,클리오 프로 아이 팔레트 (14 영한 모브를 약속해줘),34000,20winter_color_clio-pro-eye-palette.jpg,오묘한 타로 컬러와 벨벳 와인 컬러가 포인트인 팔레트,아이,색조,,겨울쿨,
249,이글립스 소프트 아이 팔레트(06 실루엣),26000,20winter_color_eglips-soft-eye-palette.jpg,가을 안개의 실루엣처럼 차분하게 스며드는 모브 그레이 음영 팔레트,아이,색조,,겨울쿨,
250,페리페라 스피디 스키니 브로우 (06 쿨 그레이),6000,20winter_color_peripera-speedy-skinny-brow.jpg,쿨톤 저격 쿨 그레이 컬러,아이,색조,,겨울쿨,
251,클리오 프로 아이 팔레트 에어 (05 오키드클라우드),34000,21winter_color_clio-pro-eye-palette-air-05-orchid-cloud.jpg,쿨 모브/라벤더 축의 올-매트·쉬머 조합으로 겨울쿨 음영·포인트 모두 용이.,아이,색조,,겨울쿨,
252,데이지크 섀도우 팔레트 (18 베리스무디) ,34000,21winter_color_dasique-shadow-palette-18-berry-smoothie.jpg,18구 쿨 베리/라벤더 스펙트럼. 화해 리뷰에서도 쿨톤 적합 피드백.,아이,색조,,겨울쿨,
253,롬앤 베러 댄 팔레트 (09 드리미라일락가든) ,30000,21winter_color_romand-better-than-palette-09-dreamy-lilac-garden.jpg,라일락·핑크 톤 구성으로 겨울쿨 화사한 무드 연출.,아이,색조,,겨울쿨,
254,에뛰드 드로잉 아이 브로우 (6 애쉬브라운),4000,21winter_color_etude-drawing-eyebrow-06-ash-brown.jpg,회기 도는 애쉬 브라운으로 쿨 헤어·피부에 자연스러운 음영. 가성비+사용 난이도 낮음.,아이,색조,,겨울쿨,
255,롬앤 한올 플랫 브로우 (C1 클래식그레이),11000,21winter_color_romand-han-all-flat-brow-c1-classic-gray.jpg,노란기 적은 쿨 그레이 톤. 넓은 플랫 심으로 결 살리기·채움 모두 용이.,아이,색조,,겨울쿨,
256,어뮤즈 듀 틴트 (12 일요일),20000,21winter_color_amuse-dew-tint-12-sunday.jpg,맑은 로즈·베리 톤의 물막광 겨울쿨 데일리·포인트 모두 깔끔.,립,색조,,겨울쿨,
257,3CE 블러 워터 틴트 (#더블윈드),18000,21winter_color_3ce-blur-water-tint-double-wind.jpg,얇고 균일한 물빨 제형 + 빈티지 브릭/테라코타 컬러가 가을웜 혈색 보완에 안정적.,립,색조,,겨울쿨,
258,에뛰드 픽싱 틴트 (11호 로즈 블렌딩) ,12000,21winter_color_etude-fixing-tint-11-rose-blending.jpg,가벼운 매트 픽싱에 채도 낮은 스파이스·진저·브릭계 컬러가 많아 데일리 음영에 좋음.,립,색조,,겨울쿨,
259,맥 레트로 매트 립스틱 (올 파이어드 업),37000,21winter_color_mac-retro-matte-lipstick-all-fired-up.jpg,선명한 쿨 푸시아 핫핑크가 극매트로 오래 밀착·지속,립,색조,,겨울쿨,
260,에스쁘아 꾸뛰르 립 벨벳 (8호 피버),20000,21winter_color_espoir-couture-lip-tint-velvet-08-fever.jpg,벨벳-세미매트 피니시로 입술 결 정리 웜 코랄·브라운 누드 계열이 깔끔하게 발색.,립,색조,,겨울쿨,
261,글래스팅 컬러 글로스(08 체리업),"13,000",22winter_color_GlastingColorGloss.jpg,청량함 가득 선명한 쿨 체리 레드,립,색조,,겨울쿨,
262,타이 업 커버 틴트(06 콜디쉬모브),"18,000",22winter_color_TieUpCoverTint.jpg,플럼 한 방울로 깊어진 블랙 모브,립,색조,,겨울쿨,
263,베베 틴트(08 포도 베베),"20,000",22winter_color_BebeTint.jpg,포도에 핑크 베이지 한 방울 내추럴 모브 포도,립,색조,,겨울쿨,
264,꾸뛰르 립틴트 글레이즈(4호 허쉬드체리),"22,000",22winter_color_CoutureLipTintGlaze.jpg,서늘한 달빛 아래 으깨진 쿨 체리 레드,립,색조,,겨울쿨,
265,잉크 무드 글로이 틴트(5호 어쩔체리),"11,000",22winter_color_InkMoodGlowTint.jpg,청초 광책으로 탱글립 연출,립,색조,,겨울쿨,
266,프로 아이 팔레트 에어(14호 영한 모브를 약속해줘),"34,000",22winter_color_ProEyePaletteAir.jpg,그 시절 그 분위기 그대로 벨벳 와인 컬러,아이,색조,,겨울쿨,
267,소프트 블러링 아이(15 본다크블러링),"34,000",22winter_color_SoftBlurringEyePalette.jpg,컬러 전문성을 바탕으로 단계별 명도와 채도를 고려 섬세한 컬러매치 팔레트,아이,색조,,겨울쿨,
268,마이페이브 무드 아이(02무니),"28,000",22winter_color_MyFaveMoodEyePalette.jpg,어스름한 새벽 감성 멀베리 색감,아이,색조,,겨울쿨,
269,눈토리얼 아이 팔레트(02 핑크더하기모브는사랑),"22,000",22winter_color_NoontorialEyePalette.jpg,데일리로 딱 좋은 쿨톤 생기 공식,아이,색조,,겨울쿨,
270,라이트 온 아이즈 섀도우 팔레트(4AM04 윈터던),"37,000",22winter_color_LightOnEyesShadowPalette.jpg,그레이시 블루 포인트와 플럼 빛 베이스 구성으로 오묘한 딥 퍼플 무드를 연출할 수 있는 팔레트,아이,색조,,겨울쿨,
271,데이지크 티 블렌딩 컬렉션 섀도우 팔레트,34000,23winter_color_dasique-tea-blending-collection-shadow-palette-13-cool-blending.jpg,피니시: 매트 중심 + 소프트 쉬머 · 색상/호수: 13 쿨블렌딩 ,아이,색조,,겨울쿨,
272,CLIO 프로 아이 팔레트 에어,34000,23winter_color_clio-pro-eye-palette-air-02-rose-connect.jpg,피니시: 매트 위주 + 새틴/쉬머 · 색상/호수: 02 로즈커넥트 ,아이,색조,,겨울쿨,
273,메리쏘드 블러링 멀티 팔레트,25000,23winter_color_merisode-blurring-multi-palette-02-pink-flower.jpg,피니시: 블러 매트 중심 + 소프트 쉬머 · 색상/호수: 02 핑크플라워 ,아이,색조,,겨울쿨,
274,Etude 드로잉 아이,4000,23winter_color_etude-drawing-eyebrow-04-dark-gray.jpg,피니시: 내추럴 매트 · 색상/호수: 4호 다크그레이 ,아이,색조,,겨울쿨,
275,CLIO 킬브로우 오토 하드 브로우 펜슬,20000,23winter_color_clio-kill-brow-auto-hard-brow-pencil-06-taupe-gray.jpg,피니시: 내추럴 매트 · 색상/호수: 6호 토프그레이 ,아이,색조,,겨울쿨,
276,롬앤 더 쥬시 래스팅 틴트,13000,23winter_color_romand-the-juicy-lasting-tint-03-bare-grape.jpg,피니시: 글로시 틴트(스테인) · 색상/호수: 03 베어그레이프 ,립,색조,,겨울쿨,
277,peripera 잉크 무드 글로이 틴트,11000,23winter_color_peripera-ink-mood-glowy-tint-21-cool-so-pyeongga.jpg,피니시: 글로시 · 색상/호수: 021 쿨소평가 ,립,색조,,겨울쿨,
278,DINTO 블러 글로이 립,20000,23winter_color_dinto-blur-glowy-lip-tint-205-justitia.jpg,피니시: 블러 벨벳 + 소프트 글로우(하이브리드) · 색상/호수: 205 Justitia ,립,색조,,겨울쿨,
279,rom&nd 글래스팅 멜팅 밤,13000,23winter_color_romand-glasting-melting-balm-07-mauve-whip.jpg,피니시: 글로시 밤 · 색상/호수: 07 모브휩 ,립,색조,,겨울쿨,
280,AMUSE 젤-핏 틴트,20000,23winter_color_amuse-gel-fit-tint-06-seoul-girl.jpg,피니시: 글로시 젤 · 색상/호수: 06 서울걸 ,립,색조,,겨울쿨,
